median,log_freq
3.20395884047925e+41,11.5
3.2666815925047448e+41,11.502
3.3299183606813426e+41,11.504
3.394160261823813e+41,11.506
3.4626031463786204e+41,11.508
3.531609022191689e+41,11.51
3.60118170552168e+41,11.512
3.6713250375789556e+41,11.514
3.7420428847128e+41,11.516
3.817338856843231e+41,11.518
3.895071517479687e+41,11.52
3.9734444086341926e+41,11.522
4.052461866134575e+41,11.524
4.132128260589625e+41,11.526
4.2139846707963625e+41,11.528
4.300917977069952e+41,11.53
4.388568453504136e+41,11.532
4.476940966851433e+41,11.534
4.566040415698834e+41,11.536
4.655871737895009e+41,11.538
4.751670504599005e+41,11.54
4.84933210551926e+41,11.542
4.9477990836102294e+41,11.544
5.047076905212057e+41,11.546
5.147171072463698e+41,11.548
5.250279124065192e+41,11.55
5.353527697046264e+41,11.552
5.460352702064313e+41,11.554
5.572323865343028e+41,11.556
5.68521900728562e+41,11.558
5.799044419884527e+41,11.56
5.921967892378329e+41,11.562
6.046014739354566e+41,11.564
6.169200593958439e+41,11.566
6.293401401764115e+41,11.568
6.4186240628745925e+41,11.57
6.549580456091133e+41,11.572
6.685588917537997e+41,11.574
6.82272058037802e+41,11.576
6.9609830752911255e+41,11.578
7.100384083017371e+41,11.58
7.242088153559225e+41,11.582
7.393964469875476e+41,11.584
7.547096562447891e+41,11.586
7.701492956287719e+41,11.588
7.856526322408896e+41,11.59
8.012428791611055e+41,11.592
8.17687872823427e+41,11.594
8.346054782153593e+41,11.596
8.51665768860021e+41,11.598
8.688697870373014e+41,11.6
8.862185860777498e+41,11.602
9.040117918133311e+41,11.604
9.228255494473725e+41,11.606
9.41798104192053e+41,11.608
9.60930616381924e+41,11.61
9.802242557516985e+41,11.612
9.996802015433715e+41,11.614
1.0203596729026398e+42,11.616
1.0414361885888438e+42,11.618
1.0626905146972056e+42,11.62
1.0841239520021213e+42,11.622
1.1057378118551142e+42,11.624
1.128118167717811e+42,11.626
1.1515752321648649e+42,11.628
1.1752303532485209e+42,11.63
1.1990849802393703e+42,11.632
1.2231405774461523e+42,11.634
1.2473986146197322e+42,11.636
1.2734201082536801e+42,11.638
1.2997114772427395e+42,11.64
1.3262247367416816e+42,11.642
1.3529615122916008e+42,11.644
1.3799234426993644e+42,11.646
1.4080422535547015e+42,11.648
1.4372126683851466e+42,11.65
1.4666294006621e+42,11.652
1.496294255685236e+42,11.654
1.5262090534984084e+42,11.656
1.5565392666282713e+42,11.658
1.588522751082405e+42,11.66
1.62077615670659e+42,11.662
1.6533014641375074e+42,11.664
1.686100674308277e+42,11.666
1.719175796498471e+42,11.668
1.7534722557482254e+42,11.67
1.788511322970164e+42,11.672
1.823845402237673e+42,11.674
1.8594766641851593e+42,11.676
1.8954072974149067e+42,11.678
1.9321092070670918e+42,11.68
1.9705568956995367e+42,11.682
2.0093282691258113e+42,11.684
2.048425712064221e+42,11.686
2.0878516290452788e+42,11.688
2.1276084446459306e+42,11.69
2.1696163049647213e+42,11.692
2.2124227560749515e+42,11.694
2.255589436980551e+42,11.696
2.2991190117043758e+42,11.698
2.3430141564031695e+42,11.7
2.3879127566860092e+42,11.702
2.4342402519594193e+42,11.704
2.4809571129121473e+42,11.706
2.5280662203484968e+42,11.708
2.5755704793191095e+42,11.71
2.6234728194128148e+42,11.712
2.673808155927825e+42,11.714
2.7246901897056653e+42,11.716
2.775999275696569e+42,11.718
2.8277385832580827e+42,11.72
2.879911308674814e+42,11.722
2.934005706777242e+42,11.724
2.9899659058178103e+42,11.726
3.0463961173761185e+42,11.728
3.1032998408651926e+42,11.73
3.160680592895817e+42,11.732
3.218862290525104e+42,11.734
3.281010304405933e+42,11.736
3.3436811941232776e+42,11.738
3.406878848310106e+42,11.74
3.470607188750104e+42,11.742
3.5348701707834554e+42,11.744
3.602268332865321e+42,11.746
3.671603280427742e+42,11.748
3.7415217260701093e+42,11.75
3.8120280181185815e+42,11.752
3.8831265421590296e+42,11.754
3.9557623271182324e+42,11.756
4.03234179588998e+42,11.758
4.109566402013707e+42,11.76
4.187440966243194e+42,11.762
4.2659703349707884e+42,11.764
4.3451594042239775e+42,11.766
4.428636660668956e+42,11.768
4.513774209802864e+42,11.77
4.5996289231129233e+42,11.772
4.6862061634429256e+42,11.774
4.7735113399650826e+42,11.776
4.864147995865787e+42,11.778
4.9601327407384185e+42,11.78
5.056928412342382e+42,11.782
5.154541071185708e+42,11.784
5.252976829922569e+42,11.786
5.352241853998736e+42,11.788
5.458991009746869e+42,11.79
5.567117583391261e+42,11.792
5.676158432777619e+42,11.794
5.786120389354066e+42,11.796
5.897010353313146e+42,11.798
6.012255966600462e+42,11.8
6.122909810477087e+42,11.802
6.229941801093716e+42,11.804
6.337846332042115e+42,11.806
6.446629508955399e+42,11.808
6.556670787969929e+42,11.81
6.672191664754705e+42,11.812
6.78865557526373e+42,11.814
6.906069125419998e+42,11.816
7.027403160140928e+42,11.818
7.166911414705314e+42,11.82
7.314080521982499e+42,11.822
7.466037635452961e+42,11.824
7.619241735481441e+42,11.826
7.773701083687844e+42,11.828
7.929424003903827e+42,11.83
8.088787870718512e+42,11.832
8.258015733356352e+42,11.834
8.405805987365127e+42,11.836
8.550119934560125e+42,11.838
8.695606541517183e+42,11.84
8.842274004049063e+42,11.842
8.994426194030468e+42,11.844
9.149013331187184e+42,11.846
9.304857214966197e+42,11.848
9.493715693176238e+42,11.85
9.68429619137373e+42,11.852
9.878661170032549e+42,11.854
1.0078692433539194e+43,11.856
1.0280373759426077e+43,11.858
1.0483716404738545e+43,11.86
1.0688731726775755e+43,11.862
1.089543115938509e+43,11.864
1.11122837660911e+43,11.866
1.1331614214604496e+43,11.868
1.1552748551323312e+43,11.87
1.177569911076839e+43,11.872
1.2000478338235747e+43,11.874
1.223387050012952e+43,11.876
1.2476103138917758e+43,11.878
1.272032904805211e+43,11.88
1.2966561863853e+43,11.882
1.321481531491118e+43,11.884
1.3466208467280432e+43,11.886
1.373681109874007e+43,11.888
1.4009644746850687e+43,11.89
1.428362553298085e+43,11.892
1.450187780349842e+43,11.894
1.4721881260241178e+43,11.896
1.4949137003569302e+43,11.898
1.5181433600077487e+43,11.9
1.541559962412788e+43,11.902
1.568669951415319e+43,11.904
1.5986548720947648e+43,11.906
1.6292701591015968e+43,11.908
1.6616408831348678e+43,11.91
1.6942836492507425e+43,11.912
1.727200453073855e+43,11.914
1.7603933066741273e+43,11.916
1.7938642387598886e+43,11.918
1.8291855575089716e+43,11.92
1.8652650681317212e+43,11.922
1.9016477020080155e+43,11.924
1.938335686879232e+43,11.926
1.975331268944081e+43,11.928
2.0135371246957266e+43,11.93
2.0537837439023613e+43,11.932
2.0943690627571932e+43,11.934
2.135295571371591e+43,11.936
2.1765657805868978e+43,11.938
2.2181822218905218e+43,11.94
2.2626695016744194e+43,11.942
2.307765080070059e+43,11.944
2.3532402137954005e+43,11.946
2.398346347666007e+43,11.948
2.44224940528383e+43,11.95
2.4876017581871773e+43,11.952
2.5345076871323986e+43,11.954
2.5818129342659885e+43,11.956
2.6295206107158417e+43,11.958
2.6776338571430355e+43,11.96
2.726263578898104e+43,11.962
2.777289989638667e+43,11.964
2.8287508883115213e+43,11.966
2.880649671622655e+43,11.968
2.9329897720821715e+43,11.97
2.985774648549171e+43,11.972
3.040366433885758e+43,11.974
3.0962496121573194e+43,11.976
3.15260841941277e+43,11.978
3.2094465945475092e+43,11.98
3.266767912677008e+43,11.982
3.325081637013838e+43,11.984
3.386005338356961e+43,11.986
3.448953371351696e+43,11.988
3.515442216037421e+43,11.99
3.58248271251781e+43,11.992
3.650078788425193e+43,11.994
3.721110565649777e+43,11.996
3.779323552262405e+43,11.998
3.8430413996631116e+43,12.0
3.9154086916446415e+43,12.002
3.9883703791875383e+43,12.004
4.063080406571438e+43,12.006
4.1406911148187375e+43,12.008
4.2189404864763866e+43,12.01
4.297832955601199e+43,12.012
4.3665514328495923e+43,12.014
4.4348994057726924e+43,12.016
4.505486735442254e+43,12.018
4.576831355171896e+43,12.02
4.64875217293247e+43,12.022
4.726561064042155e+43,12.024
4.809904800886901e+43,12.026
4.897578085604952e+43,12.028
4.988257612421204e+43,12.03
5.079687144998111e+43,12.032
5.171872051146946e+43,12.034
5.264817740007363e+43,12.036
5.358728264782952e+43,12.038
5.457888717097241e+43,12.04
5.557869605364223e+43,12.042
5.658676809467027e+43,12.044
5.760316255217738e+43,12.046
5.862793914855159e+43,12.048
5.969220517620126e+43,12.05
6.078490038483831e+43,12.052
6.188662963859995e+43,12.054
6.299745782026473e+43,12.056
6.411745032300081e+43,12.058
6.525722264394056e+43,12.06
6.645321069019428e+43,12.062
6.765909265749043e+43,12.064
6.887493971128588e+43,12.066
7.010082357344177e+43,12.068
7.133681653661158e+43,12.07
7.262914686379333e+43,12.072
7.394716252546233e+43,12.074
7.527607518440872e+43,12.076
7.661596339678414e+43,12.078
7.796690634348781e+43,12.08
7.935678299371442e+43,12.082
8.077482606908062e+43,12.084
8.213852592977358e+43,12.086
8.351335088688256e+43,12.088
8.489938021586904e+43,12.09
8.629669381026287e+43,12.092
8.77664573048244e+43,12.094
8.92552442637376e+43,12.096
9.075619154640505e+43,12.098
9.226938592556673e+43,12.1
9.364824706719945e+43,12.102
9.496265818253325e+43,12.104
9.629982898429101e+43,12.106
9.764769533636425e+43,12.108
9.900633571444115e+43,12.11
1.0037582927152539e+44,12.112
1.017551717096529e+44,12.114
1.0311891925444189e+44,12.116
1.045177929877222e+44,12.118
1.0622483928812794e+44,12.12
1.0787327127425622e+44,12.122
1.093409678928739e+44,12.124
1.108041407775058e+44,12.126
1.1226853761448273e+44,12.128
1.1374454744844505e+44,12.13
1.1523225609618985e+44,12.132
1.1673175027500281e+44,12.134
1.186596704453974e+44,12.136
1.20716354390351e+44,12.138
1.2273287112844082e+44,12.14
1.2381590238894869e+44,12.142
1.2490683598924967e+44,12.144
1.2662443491270818e+44,12.146
1.2868899132233013e+44,12.148
1.3079698882100341e+44,12.15
1.3292201974402775e+44,12.152
1.3506420337160223e+44,12.154
1.3722365987533464e+44,12.156
1.3894986178426102e+44,12.158
1.402236426319632e+44,12.16
1.415067821931379e+44,12.162
1.4390517139503887e+44,12.164
1.4644051513178389e+44,12.166
1.483452674297876e+44,12.168
1.507932658288487e+44,12.17
1.5354384992517995e+44,12.172
1.5631661387103261e+44,12.174
1.5911170382622248e+44,12.176
1.6192926683181437e+44,12.178
1.6484208824380292e+44,12.18
1.678622897104183e+44,12.182
1.7090686074205872e+44,12.184
1.7397596196957198e+44,12.186
1.7706975498765425e+44,12.188
1.8018977086132666e+44,12.19
1.8317300551893854e+44,12.192
1.8602281567795982e+44,12.194
1.888955405572097e+44,12.196
1.917913422034578e+44,12.198
1.9471038391870192e+44,12.2
1.9764136788876046e+44,12.202
2.005888837633052e+44,12.204
2.0355993657106422e+44,12.206
2.06554692398798e+44,12.208
2.095733186441324e+44,12.21
2.1263017642048953e+44,12.212
2.1577725710090495e+44,12.214
2.1878930491152673e+44,12.216
2.207162418932704e+44,12.218
2.226574360450419e+44,12.22
2.2461300173049444e+44,12.222
2.2730104912766965e+44,12.224
2.306312081662156e+44,12.226
2.3238199966411806e+44,12.228
2.341452039830529e+44,12.23
2.3592092291904395e+44,12.232
2.3771614554661515e+44,12.234
2.3953886640397043e+44,12.236
2.42434767742679e+44,12.238
2.445935471177766e+44,12.24
2.4856817758098293e+44,12.242
2.508405569793724e+44,12.244
2.5270299270716997e+44,12.246
2.557435565438512e+44,12.248
2.596176351080753e+44,12.25
2.6352370381857765e+44,12.252
2.674620107244605e+44,12.254
2.714786470699153e+44,12.256
2.7558213636099435e+44,12.258
2.7971954397117083e+44,12.26
2.838911339274771e+44,12.262
2.8815383021401367e+44,12.264
2.9262709150761608e+44,12.266
2.9713275517377216e+44,12.268
3.016752444517712e+44,12.27
3.0625483425051547e+44,12.272
3.1088505549277658e+44,12.274
3.1553994031148837e+44,12.276
3.2023524553291834e+44,12.278
3.2497043529860772e+44,12.28
3.2974417711385557e+44,12.282
3.3455676106795747e+44,12.284
3.384471453249453e+44,12.286
3.406717244300474e+44,12.288
3.450201599395581e+44,12.29
3.4797614030140183e+44,12.292
3.5064236305273273e+44,12.294
3.526646563735089e+44,12.296
3.5479154915918455e+44,12.298
3.577507043195393e+44,12.3
3.6084643199238645e+44,12.302
3.6627215028659746e+44,12.304
3.694613918218892e+44,12.306
3.72644299049424e+44,12.308
3.758549085579119e+44,12.31
3.803006040706522e+44,12.312
3.848409006781813e+44,12.314
3.894181878882127e+44,12.316
3.940327774934888e+44,12.318
3.985644332168984e+44,12.32
4.0341102909768876e+44,12.322
4.081802384448965e+44,12.324
4.129884089042771e+44,12.326
4.178358729567214e+44,12.328
4.221850579924192e+44,12.33
4.2765945569502604e+44,12.332
4.326475329069428e+44,12.334
4.3863720393218506e+44,12.336
4.447088389671635e+44,12.338
4.508313540640399e+44,12.34
4.570075149834248e+44,12.342
4.633131207701251e+44,12.344
4.696716443371608e+44,12.346
4.760835333876794e+44,12.348
4.823562829082014e+44,12.35
4.88447686533102e+44,12.352
4.946168246161072e+44,12.354
5.008550006794934e+44,12.356
5.071438888502267e+44,12.358
5.1174305619438075e+44,12.36
5.127570754430019e+44,12.362
5.172197200392918e+44,12.364
5.220893906012687e+44,12.366
5.293315810103092e+44,12.368
5.373677477349582e+44,12.37
5.451224672873325e+44,12.372
5.522459820766904e+44,12.374
5.593407324716133e+44,12.376
5.648883976753592e+44,12.378
5.7048021768347886e+44,12.38
5.761165847412659e+44,12.382
5.817978959505617e+44,12.384
5.8914115946571734e+44,12.386
5.9747728819054105e+44,12.388
6.043194410282163e+44,12.39
6.095558842476252e+44,12.392
6.14834921345388e+44,12.394
6.2015698436757395e+44,12.396
6.253700529615265e+44,12.398
6.306055455977516e+44,12.4
6.363098422551059e+44,12.402
6.408132745437625e+44,12.404
6.454152082946151e+44,12.406
6.527468717342392e+44,12.408
6.602795839366478e+44,12.41
6.663570721366346e+44,12.412
6.724841516670872e+44,12.414
6.7866130161481046e+44,12.416
6.848862478984227e+44,12.418
6.910583816257779e+44,12.42
6.982712388446156e+44,12.422
7.061396647307494e+44,12.424
7.140727233100242e+44,12.426
7.220709810354194e+44,12.428
7.301607160903713e+44,12.43
7.383344751389694e+44,12.432
7.465755730483405e+44,12.434
7.548846056355785e+44,12.436
7.577545198466092e+44,12.438
7.570864262320077e+44,12.44
7.615757312673646e+44,12.442
7.681465940442237e+44,12.444
7.747722538364945e+44,12.446
7.81453283342442e+44,12.448
7.86585874592498e+44,12.45
7.915857556784541e+44,12.452
7.96591662027418e+44,12.454
8.016380740680276e+44,12.456
8.067254820170235e+44,12.458
8.118543842078206e+44,12.46
8.190932156009737e+44,12.462
8.276665112646683e+44,12.464
8.363140948627857e+44,12.466
8.450367206362792e+44,12.468
8.538351535338373e+44,12.47
8.627101690862543e+44,12.472
8.699467124494511e+44,12.474
8.792710744650598e+44,12.476
8.836014577069951e+44,12.478
8.879683887978479e+44,12.48
8.92372196865299e+44,12.482
8.967254801212914e+44,12.484
9.010087010626546e+44,12.486
9.05328686177167e+44,12.488
9.096860100035527e+44,12.49
9.140812581259069e+44,12.492
9.197380318444901e+44,12.494
9.26727086819444e+44,12.496
9.346088615688841e+44,12.498
9.425611836516123e+44,12.5
9.505848862753053e+44,12.502
9.592429690656357e+44,12.504
9.693193822020651e+44,12.506
9.793368759261229e+44,12.508
9.894504634184423e+44,12.51
9.996613129865208e+44,12.512
9.997561132713566e+44,12.514
1.0058716878634011e+45,12.516
1.013642257175149e+45,12.518
1.0162251519063009e+45,12.52
1.0194211051738692e+45,12.522
1.0196160699389897e+45,12.524
1.0213299352266402e+45,12.526
1.022637126106168e+45,12.528
1.0238022579510571e+45,12.53
1.0330888243300927e+45,12.532
1.045436215522086e+45,12.534
1.0514458402086427e+45,12.536
1.0548990703529402e+45,12.538
1.067648066633143e+45,12.54
1.0805334397767503e+45,12.542
1.0935570051171038e+45,12.544
1.0923137048122467e+45,12.546
1.090021219249699e+45,12.548
1.0874852229950921e+45,12.55
1.0847024794335708e+45,12.552
1.076435369850724e+45,12.554
1.079037993639989e+45,12.556
1.0761563601451553e+45,12.558
1.0732310190374633e+45,12.56
1.068324475862219e+45,12.562
1.0672548234953362e+45,12.564
1.0642174341467034e+45,12.566
1.0611473043226438e+45,12.568
1.0608205688318963e+45,12.57
1.074568969594539e+45,12.572
1.0885278776283339e+45,12.574
1.1027006798203992e+45,12.576
1.117090820759043e+45,12.578
1.1317017960892964e+45,12.58
1.1464793396512707e+45,12.582
1.1614440358276288e+45,12.584
1.1673968092273137e+45,12.586
1.1664183525050373e+45,12.588
1.1654366816673552e+45,12.59
1.1697613360574735e+45,12.592
1.1659270285251935e+45,12.594
1.166703279814136e+45,12.596
1.1712907437417759e+45,12.598
1.1669830376373402e+45,12.6
1.1657047966376392e+45,12.602
1.1684231012269041e+45,12.604
1.1646750383754034e+45,12.606
1.1714854960704605e+45,12.608
1.1840247916399423e+45,12.61
1.1959316690595796e+45,12.612
1.2077945500493879e+45,12.614
1.2147919302080706e+45,12.616
1.2266859022841236e+45,12.618
1.238688840056805e+45,12.62
1.2469438991732582e+45,12.622
1.246512977760632e+45,12.624
1.2529622377755406e+45,12.626
1.2659306644779892e+45,12.628
1.2741420330193666e+45,12.63
1.2906383354853188e+45,12.632
1.2930400404448794e+45,12.634
1.303753627892654e+45,12.636
1.2998332101182895e+45,12.638
1.3153007234809882e+45,12.64
1.3347040687303331e+45,12.642
1.3544263655518804e+45,12.644
1.3744731269098989e+45,12.646
1.3948631592192086e+45,12.648
1.4015846675877644e+45,12.65
1.4053850662814642e+45,12.652
1.4090091511028346e+45,12.654
1.4138126201922023e+45,12.656
1.414596956629725e+45,12.658
1.4153993074135256e+45,12.66
1.4264655403765408e+45,12.662
1.4370521404613086e+45,12.664
1.44893177686365e+45,12.666
1.4518305278703412e+45,12.668
1.4485921143787504e+45,12.67
1.454195029478545e+45,12.672
1.4598822250632446e+45,12.674
1.4656555084233653e+45,12.676
1.480670842065313e+45,12.678
1.4930362981641175e+45,12.68
1.4949573677241104e+45,12.682
1.4969326123903434e+45,12.684
1.4989637311330688e+45,12.686
1.5083193802941253e+45,12.688
1.507182890919243e+45,12.69
1.5122158853287386e+45,12.692
1.5181172317979586e+45,12.694
1.5241181432740147e+45,12.696
1.5302208175021478e+45,12.698
1.5352230311223372e+45,12.7
1.5388079910342784e+45,12.702
1.542383973782416e+45,12.704
1.5459904472003722e+45,12.706
1.550781106496004e+45,12.708
1.55329722783669e+45,12.71
1.5569088437725467e+45,12.712
1.560438394718026e+45,12.714
1.5639995972747086e+45,12.716
1.5635984903294695e+45,12.718
1.5540999177621878e+45,12.72
1.5529755439339304e+45,12.722
1.5534601917943154e+45,12.724
1.553949015583798e+45,12.726
1.558175044708819e+45,12.728
1.5654810444506753e+45,12.73
1.5728625677543144e+45,12.732
1.580189819836778e+45,12.734
1.5861480408706384e+45,12.736
1.579499774571133e+45,12.738
1.5727895446979185e+45,12.74
1.566017356117027e+45,12.742
1.5597264670934365e+45,12.744
1.560711032032254e+45,12.746
1.5617091201105635e+45,12.748
1.5694506055886166e+45,12.75
1.5813567010286186e+45,12.752
1.5933743563416455e+45,12.754
1.605097631061782e+45,12.756
1.6167764650365834e+45,12.758
1.6285654160128753e+45,12.76
1.630802228345907e+45,12.762
1.6421728402301895e+45,12.764
1.6535220932816288e+45,12.766
1.6582648026124e+45,12.768
1.6651289493598854e+45,12.77
1.6691463450819266e+45,12.772
1.673059254350095e+45,12.774
1.673504110994949e+45,12.776
1.6710351432892957e+45,12.778
1.6732816641686607e+45,12.78
1.6727892436100704e+45,12.782
1.6723028416492865e+45,12.784
1.6718231239192318e+45,12.786
1.6716916886853125e+45,12.788
1.672010193045786e+45,12.79
1.6723446463987198e+45,12.792
1.6726958111865335e+45,12.794
1.6730644645069827e+45,12.796
1.6752830598509593e+45,12.798
1.6766318553963573e+45,12.8
1.6780121568165575e+45,12.802
1.6794249317475116e+45,12.804
1.6808711694992172e+45,12.806
1.6823518771436422e+45,12.808
1.6845230966843515e+45,12.81
1.6872128154371604e+45,12.812
1.6941610521651538e+45,12.814
1.707131505971068e+45,12.816
1.720247386518832e+45,12.818
1.7324323228300222e+45,12.82
1.741323164343086e+45,12.822
1.7475346501077807e+45,12.824
1.7604529850890172e+45,12.826
1.7735362852914844e+45,12.828
1.7867869116725045e+45,12.83
1.7998568670596816e+45,12.832
1.8129603432663257e+45,12.834
1.826233922754764e+45,12.836
1.8396800709603925e+45,12.838
1.8466523623924366e+45,12.84
1.849740566616823e+45,12.842
1.8577309453186887e+45,12.844
1.8719210552882195e+45,12.846
1.8862919433325657e+45,12.848
1.8970575967439043e+45,12.85
1.9014246668209295e+45,12.852
1.9102642603932908e+45,12.854
1.9250908586788018e+45,12.856
1.932971800958748e+45,12.858
1.9409658805293753e+45,12.86
1.94907500348853e+45,12.862
1.957711179961962e+45,12.864
1.9670050610522176e+45,12.866
1.9808125134410464e+45,12.868
1.997713622505703e+45,12.87
2.0136371583162112e+45,12.872
2.0241561025978894e+45,12.874
2.0353981863725114e+45,12.876
2.0468033264384807e+45,12.878
2.050357537923795e+45,12.88
2.0598961781966266e+45,12.882
2.0733482859696746e+45,12.884
2.081337368126324e+45,12.886
2.0866187365285362e+45,12.888
2.094208370625548e+45,12.89
2.102189004273666e+45,12.892
2.1236794897923814e+45,12.894
2.1454678326747667e+45,12.896
2.1674370596352263e+45,12.898
2.1882613712747153e+45,12.9
2.1937723800360735e+45,12.902
2.2009004595476518e+45,12.904
2.1995624847219764e+45,12.906
2.214474895385767e+45,12.908
2.217023688655693e+45,12.91
2.2103058617911688e+45,12.912
2.217010753228354e+45,12.914
2.2237305018696076e+45,12.916
2.2305463149538092e+45,12.918
2.2337412456289957e+45,12.92
2.239514871888545e+45,12.922
2.246599769973956e+45,12.924
2.2537023755520343e+45,12.926
2.2608227012221556e+45,12.928
2.2681250607448614e+45,12.93
2.2754733720766965e+45,12.932
2.2828412133837937e+45,12.934
2.2902286084793097e+45,12.936
2.2972145208505775e+45,12.938
2.3018066070433425e+45,12.94
2.3003470170206456e+45,12.942
2.302042047328066e+45,12.944
2.313353124838791e+45,12.946
2.3247209510230086e+45,12.948
2.323571584104843e+45,12.95
2.3313574462889475e+45,12.952
2.3397546292054106e+45,12.954
2.3481798804661628e+45,12.956
2.3566332813959753e+45,12.958
2.3601725095913126e+45,12.96
2.3682280573624993e+45,12.962
2.3764157288792073e+45,12.964
2.383538170440399e+45,12.966
2.3928666811995506e+45,12.968
2.401130078618343e+45,12.97
2.408387844943409e+45,12.972
2.41786683924091e+45,12.974
2.426324569723979e+45,12.976
2.4348089393236714e+45,12.978
2.4433199956722855e+45,12.98
2.4518578046395257e+45,12.982
2.460377760316672e+45,12.984
2.468906347695392e+45,12.986
2.477461305600856e+45,12.988
2.4860426960467305e+45,12.99
2.494650581058648e+45,12.992
2.5032778615198982e+45,12.994
2.5119137267869928e+45,12.996
2.5205760403197702e+45,12.998
2.5233052704225186e+45,13.0
2.5224157871128682e+45,13.002
2.53094010932075e+45,13.004
2.5406663120055325e+45,13.006
2.550428530892823e+45,13.008
2.5602288191536003e+45,13.01
2.5638397666592733e+45,13.012
2.567351075642797e+45,13.014
2.571408441947398e+45,13.016
2.5772243524823014e+45,13.018
2.5839272790472473e+45,13.02
2.5919299832393223e+45,13.022
2.603350597445788e+45,13.024
2.6144695801113764e+45,13.026
2.6189388954745673e+45,13.028
2.629150766368132e+45,13.03
2.6382316200602613e+45,13.032
2.6493873774890367e+45,13.034
2.6617319620284536e+45,13.036
2.6749374143599777e+45,13.038
2.6810166953642308e+45,13.04
2.692524734011279e+45,13.042
2.7049785387276586e+45,13.044
2.7111709251528572e+45,13.046
2.7293330731412693e+45,13.048
2.7488668944331345e+45,13.05
2.768549315995539e+45,13.052
2.7800042955078174e+45,13.054
2.7866294366103176e+45,13.056
2.7967417920344576e+45,13.058
2.8000990750768243e+45,13.06
2.8070319201069957e+45,13.062
2.813427552596903e+45,13.064
2.8251454296261253e+45,13.066
2.83691156271006e+45,13.068
2.848766405770537e+45,13.07
2.857531670401971e+45,13.072
2.8691298116736904e+45,13.074
2.8812229723579187e+45,13.076
2.88987689056246e+45,13.078
2.9043462701890635e+45,13.08
2.900371855978865e+45,13.082
2.896933005918526e+45,13.084
2.898643011370368e+45,13.086
2.89975985578636e+45,13.088
2.901052474051521e+45,13.09
2.903447003349671e+45,13.092
2.9043967868593133e+45,13.094
2.906823487414674e+45,13.096
2.908964371968698e+45,13.098
2.9095425985793043e+45,13.1
2.908518474290646e+45,13.102
2.9091010770597414e+45,13.104
2.910205654421445e+45,13.106
2.91025743434035e+45,13.108
2.911576952867103e+45,13.11
2.911894685578954e+45,13.112
2.913567436905908e+45,13.114
2.915867313473798e+45,13.116
2.916474745861681e+45,13.118
2.9165034653650035e+45,13.12
2.916509194779886e+45,13.122
2.9165276942118293e+45,13.124
2.918483367267932e+45,13.126
2.9222456568889407e+45,13.128
2.922153781596793e+45,13.13
2.922766386389189e+45,13.132
2.923355656031156e+45,13.134
2.926102790274895e+45,13.136
2.9292483359673586e+45,13.138
2.9314939233475384e+45,13.14
2.933453789048859e+45,13.142
2.93417409646733e+45,13.144
2.9348337546469134e+45,13.146
2.9353559198899173e+45,13.148
2.936105948265355e+45,13.15
2.937005944018179e+45,13.152
2.937883324175377e+45,13.154
2.937758794442547e+45,13.156
2.940274861371987e+45,13.158
2.943716960732078e+45,13.16
2.9454428146398976e+45,13.162
2.9472440587519485e+45,13.164
2.9502764420509026e+45,13.166
2.953527157753197e+45,13.168
2.952606348931623e+45,13.17
2.9543797850206966e+45,13.172
2.9531972097994685e+45,13.174
2.9514785472247296e+45,13.176
2.9528434257285665e+45,13.178
2.9546659733267235e+45,13.18
2.955153304869734e+45,13.182
2.9575967358162555e+45,13.184
2.9593873089881194e+45,13.186
2.96088015276453e+45,13.188
2.962219168110952e+45,13.19
2.9646932654837e+45,13.192
2.9656360647135776e+45,13.194
2.967485578744521e+45,13.196
2.9700219691415004e+45,13.198
2.9736538807580215e+45,13.2
2.9750134145027607e+45,13.202
2.978223273562527e+45,13.204
2.9792135277371575e+45,13.206
2.9816815581528016e+45,13.208
2.983028541259459e+45,13.21
2.98465788636894e+45,13.212
2.987214689222342e+45,13.214
2.989495932475452e+45,13.216
2.991288034480247e+45,13.218
2.9944309504705046e+45,13.22
2.996904211216782e+45,13.222
2.9993866627454394e+45,13.224
3.001030232033341e+45,13.226
3.002890220186513e+45,13.228
3.006057902243218e+45,13.23
3.008965500538816e+45,13.232
3.0107724189989143e+45,13.234
3.0135222013497475e+45,13.236
3.015578224895244e+45,13.238
3.013903418434244e+45,13.24
3.0133676192755036e+45,13.242
3.0131253188065984e+45,13.244
3.012316519640573e+45,13.246
3.0148392483329985e+45,13.248
3.0165957639741974e+45,13.25
3.011450812056332e+45,13.252
3.007800633143223e+45,13.254
3.0044505746615684e+45,13.256
3.00268263228873e+45,13.258
3.002568164400904e+45,13.26
2.9955560509372013e+45,13.262
2.989083838551136e+45,13.264
2.9824826808368595e+45,13.266
2.976718555131355e+45,13.268
2.97328673246571e+45,13.27
2.9695348079890304e+45,13.272
2.9651283862734694e+45,13.274
2.959487951109855e+45,13.276
2.954081894667328e+45,13.278
2.951248840005225e+45,13.28
2.9484535656654134e+45,13.282
2.942956811822398e+45,13.284
2.9407320235231337e+45,13.286
2.9380387379919376e+45,13.288
2.934059502589371e+45,13.29
2.9303886721285935e+45,13.292
2.9272963792774925e+45,13.294
2.924404807605835e+45,13.296
2.9197896865516773e+45,13.298
2.9162476808733243e+45,13.3
2.9126991465968555e+45,13.302
2.910160226527502e+45,13.304
2.907610001462426e+45,13.306
2.904373266193155e+45,13.308
2.9013470782543914e+45,13.31
2.899101499557441e+45,13.312
2.896862740850271e+45,13.314
2.8947294229986e+45,13.316
2.892680872921817e+45,13.318
2.890736265906618e+45,13.32
2.8882787194086945e+45,13.322
2.885835867630832e+45,13.324
2.8835362812780276e+45,13.326
2.881127078017953e+45,13.328
2.8749928604939113e+45,13.33
2.872450647056267e+45,13.332
2.869096718106006e+45,13.334
2.8658451074036245e+45,13.336
2.8638741974997557e+45,13.338
2.8611833695376997e+45,13.34
2.8598743582803384e+45,13.342
2.8588238216370973e+45,13.344
2.857069528007813e+45,13.346
2.8549272953568467e+45,13.348
2.8521443886750154e+45,13.35
2.8466828111129458e+45,13.352
2.8424708629721255e+45,13.354
2.8390526352185673e+45,13.356
2.8367350598771935e+45,13.358
2.8348856032873905e+45,13.36
2.8336367509016172e+45,13.362
2.8323686960527012e+45,13.364
2.834569543126481e+45,13.366
2.8339924604034842e+45,13.368
2.838706458009047e+45,13.37
2.842555714523836e+45,13.372
2.8436194196599812e+45,13.374
2.8410773697241757e+45,13.376
2.8360756400700797e+45,13.378
2.8278380215791974e+45,13.38
2.8212437730245344e+45,13.382
2.814941571279776e+45,13.384
2.8074048594934602e+45,13.386
2.8024217995131698e+45,13.388
2.7994138666076753e+45,13.39
2.797755779643188e+45,13.392
2.7961559378768787e+45,13.394
2.7944639272158695e+45,13.396
2.792752107232288e+45,13.398
2.793475952553709e+45,13.4
2.789857965688486e+45,13.402
2.787002949035612e+45,13.404
2.7821638063987592e+45,13.406
2.781906959286085e+45,13.408
2.7826746431653468e+45,13.41
2.7860396986264592e+45,13.412
2.79181037759493e+45,13.414
2.802009098667921e+45,13.416
2.8160716413703854e+45,13.418
2.8337573729962016e+45,13.42
2.8488858390386995e+45,13.422
2.8603183196615985e+45,13.424
2.8592212948078367e+45,13.426
2.826182154314083e+45,13.428
2.7867957909726522e+45,13.43
2.757919969946364e+45,13.432
2.732918195558606e+45,13.434
2.7135733442012223e+45,13.436
2.6968851074558176e+45,13.438
2.687389882379299e+45,13.44
2.6750892074604993e+45,13.442
2.669124382529382e+45,13.444
2.663173695650799e+45,13.446
2.6600623288795593e+45,13.448
2.6535066432096482e+45,13.45
2.650343873242285e+45,13.452
2.6416424428773845e+45,13.454
2.6325820269791476e+45,13.456
2.6254069177736195e+45,13.458
2.612952160445051e+45,13.46
2.6068889549908358e+45,13.462
2.6043138366991325e+45,13.464
2.6025328201383922e+45,13.466
2.5948835334525348e+45,13.468
2.5880170553026984e+45,13.47
2.5809156797853627e+45,13.472
2.579658033380305e+45,13.474
2.5747700839110945e+45,13.476
2.573529664050051e+45,13.478
2.56971724766745e+45,13.48
2.5595718816433588e+45,13.482
2.5547685030982683e+45,13.484
2.5521999194002407e+45,13.486
2.5461707228846088e+45,13.488
2.5422779016946214e+45,13.49
2.5493755109798937e+45,13.492
2.5548346809084903e+45,13.494
2.56422913887119e+45,13.496
2.5718501180182126e+45,13.498
2.5784062659855843e+45,13.5
2.5864948817022712e+45,13.502
2.5952036580755068e+45,13.504
2.6060625131625916e+45,13.506
2.6139064004783344e+45,13.508
2.6245234371809135e+45,13.51
2.634351798294597e+45,13.512
2.6424414836684678e+45,13.514
2.6520158792384263e+45,13.516
2.6633733814094822e+45,13.518
2.6719403071963642e+45,13.52
2.6853820276448766e+45,13.522
2.6978562522775358e+45,13.524
2.7100612882088357e+45,13.526
2.7288156271867625e+45,13.528
2.7423350485207016e+45,13.53
2.762083105170396e+45,13.532
2.7881896505018146e+45,13.534
2.8124855957056707e+45,13.536
2.8369728390685776e+45,13.538
2.8583035229993014e+45,13.54
2.8745364439598734e+45,13.542
2.8735569562485417e+45,13.544
2.871115978498898e+45,13.546
2.8695826541897096e+45,13.548
2.866896202819299e+45,13.55
2.866184258756555e+45,13.552
2.871411040297073e+45,13.554
2.878504746791616e+45,13.556
2.8863127713618306e+45,13.558
2.900341776994838e+45,13.56
2.9168504722282525e+45,13.562
2.935896755734564e+45,13.564
2.955067846040886e+45,13.566
2.9748879051647155e+45,13.568
3.0004291824277846e+45,13.57
3.0237790537027084e+45,13.572
3.0520631108037266e+45,13.574
3.0808866739963025e+45,13.576
3.1137984976729805e+45,13.578
3.1463462011448886e+45,13.58
3.169133887094136e+45,13.582
3.182989836151095e+45,13.584
3.191220204040059e+45,13.586
3.1987316213168493e+45,13.588
3.2121424129867224e+45,13.59
3.226529413304558e+45,13.592
3.238997981268726e+45,13.594
3.2399620475571725e+45,13.596
3.2298932903326455e+45,13.598
3.2022678993744974e+45,13.6
3.1594013722933944e+45,13.602
3.136972823684469e+45,13.604
3.108758339453202e+45,13.606
3.0903641407442977e+45,13.608
3.0691012470193315e+45,13.61
3.05380609406286e+45,13.612
3.041509819738876e+45,13.614
3.028645327972313e+45,13.616
3.01110989919815e+45,13.618
3.0015607847477124e+45,13.62
2.991809415276205e+45,13.622
2.979478425746694e+45,13.624
2.967918899730445e+45,13.626
2.956427989093411e+45,13.628
2.9511695671701416e+45,13.63
2.943387046194916e+45,13.632
2.935442321672262e+45,13.634
2.927045943259602e+45,13.636
2.9197817220283046e+45,13.638
2.9109037989565624e+45,13.64
2.906523042057346e+45,13.642
2.9025603118328274e+45,13.644
2.897121261080706e+45,13.646
2.8931932040876296e+45,13.648
2.8859066747389605e+45,13.65
2.88209098611513e+45,13.652
2.878490677329617e+45,13.654
2.8733543700109226e+45,13.656
2.8683393618887314e+45,13.658
2.864034375403454e+45,13.66
2.8605766064652004e+45,13.662
2.8620788101434464e+45,13.664
2.860919445605774e+45,13.666
2.861473569293195e+45,13.668
2.863966365542759e+45,13.67
2.872350943092101e+45,13.672
2.8920663975798904e+45,13.674
2.918205104687319e+45,13.676
2.949044342926422e+45,13.678
2.9830765317481025e+45,13.68
3.008365061881284e+45,13.682
3.0003589516230694e+45,13.684
2.9615566057665135e+45,13.686
2.9093918189115584e+45,13.688
2.865489100819884e+45,13.69
2.8199405321945557e+45,13.692
2.788397634331296e+45,13.694
2.7617353499695474e+45,13.696
2.7433248345176572e+45,13.698
2.7315917387303158e+45,13.7
2.7205679287157625e+45,13.702
2.7089352322755186e+45,13.704
2.7021194463766704e+45,13.706
2.6962885492788978e+45,13.708
2.69161607667704e+45,13.71
2.6865799753495524e+45,13.712
2.682785438197557e+45,13.714
2.6797221065116375e+45,13.716
2.676721302717693e+45,13.718
2.6705163752605522e+45,13.72
2.6582879865445908e+45,13.722
2.650474232186833e+45,13.724
2.6443046313691236e+45,13.726
2.6413975149537376e+45,13.728
2.6361815092600672e+45,13.73
2.62924138135656e+45,13.732
2.624836016771566e+45,13.734
2.6190039353801507e+45,13.736
2.6136925065783595e+45,13.738
2.6107563638384184e+45,13.74
2.607583765632235e+45,13.742
2.603905211236836e+45,13.744
2.600421281710831e+45,13.746
2.5989811963622864e+45,13.748
2.595079785786442e+45,13.75
2.5935422325219083e+45,13.752
2.5897479380871722e+45,13.754
2.584745264334368e+45,13.756
2.580478222683322e+45,13.758
2.5754954213581672e+45,13.76
2.5707325666994136e+45,13.762
2.565582040785113e+45,13.764
2.5619160597339116e+45,13.766
2.5582934133629033e+45,13.768
2.5540390521461654e+45,13.77
2.5507684941587244e+45,13.772
2.5469419988715726e+45,13.774
2.5417050759241557e+45,13.776
2.536410158605383e+45,13.778
2.5319643485963685e+45,13.78
2.5279164100940477e+45,13.782
2.5254685633895666e+45,13.784
2.524715853614723e+45,13.786
2.5220719090082454e+45,13.788
2.5154926147987425e+45,13.79
2.511734388045418e+45,13.792
2.5089128101007143e+45,13.794
2.50615207961712e+45,13.796
2.4972587463879147e+45,13.798
2.4823881025700072e+45,13.8
2.472788950924506e+45,13.802
2.4632310129490748e+45,13.804
2.449940963316879e+45,13.806
2.4397231348494674e+45,13.808
2.4295460407017203e+45,13.81
2.4206381535429644e+45,13.812
2.4085030360943038e+45,13.814
2.3997987995980833e+45,13.816
2.3929688825791717e+45,13.818
2.3826785182229393e+45,13.82
2.37406294435041e+45,13.822
2.3659734450420577e+45,13.824
2.357300950197039e+45,13.826
2.3490043694879845e+45,13.828
2.3370339331017154e+45,13.83
2.325687593276723e+45,13.832
2.3178038229439238e+45,13.834
2.309690955612588e+45,13.836
2.3017536385735645e+45,13.838
2.2921743452474165e+45,13.84
2.2805325940062353e+45,13.842
2.2738136562222358e+45,13.844
2.263520093606647e+45,13.846
2.255646048866463e+45,13.848
2.247989931368856e+45,13.85
2.2392834335808544e+45,13.852
2.2298494892617038e+45,13.854
2.221339488164913e+45,13.856
2.213887123628718e+45,13.858
2.2057584844178288e+45,13.86
2.1980281690475066e+45,13.862
2.1903029612205978e+45,13.864
2.1825760156236072e+45,13.866
2.173779281207664e+45,13.868
2.1636145134049033e+45,13.87
2.155570421917341e+45,13.872
2.1476115620089774e+45,13.874
2.1397490480142715e+45,13.876
2.1371668445951456e+45,13.878
2.1297564275124642e+45,13.88
2.1222079845919608e+45,13.882
2.1141035384275618e+45,13.884
2.1060541208864973e+45,13.886
2.0968192266963644e+45,13.888
2.0864794007646268e+45,13.89
2.0790267539464547e+45,13.892
2.0716092863684896e+45,13.894
2.063995212344859e+45,13.896
2.056917780087956e+45,13.898
2.049620276672938e+45,13.9
2.042357189992524e+45,13.902
2.035136940475259e+45,13.904
2.0278277145061263e+45,13.906
2.020477670049341e+45,13.908
2.0133891533707324e+45,13.91
2.0058412082043176e+45,13.912
1.998583316677532e+45,13.914
1.9913826480195367e+45,13.916
1.9842940808454924e+45,13.918
1.9772484457106608e+45,13.92
1.9703358124477965e+45,13.922
1.963539857485907e+45,13.924
1.9567495792971002e+45,13.926
1.9501642140278307e+45,13.928
1.9436912660555194e+45,13.93
1.9393579029011572e+45,13.932
1.9350015523092773e+45,13.934
1.93061189531387e+45,13.936
1.924989640487443e+45,13.938
1.9208001741304932e+45,13.94
1.916394043006761e+45,13.942
1.9112666367037e+45,13.944
1.90681331875135e+45,13.946
1.9035139404376722e+45,13.948
1.9056462657510527e+45,13.95
1.904296230160767e+45,13.952
1.9196235946242884e+45,13.954
1.9726952882758185e+45,13.956
2.003088807970022e+45,13.958
1.9804689989374863e+45,13.96
1.897044989965849e+45,13.962
1.8773719064384667e+45,13.964
1.8612889382734136e+45,13.966
1.8488169018473575e+45,13.968
1.8413328292462975e+45,13.97
1.8336618486185474e+45,13.972
1.827101562963481e+45,13.974
1.8213376752455065e+45,13.976
1.816355659553812e+45,13.978
1.8091617882241957e+45,13.98
1.8012732501532813e+45,13.982
1.796538900863537e+45,13.984
1.7920441535496652e+45,13.986
1.787605415171517e+45,13.988
1.7832705443317123e+45,13.99
1.7789785435106047e+45,13.992
1.7742365437306584e+45,13.994
1.770456868338653e+45,13.996
1.7665575238911614e+45,13.998
1.7614566757973952e+45,14.0
1.757337332759046e+45,14.002
1.7537847228328176e+45,14.004
1.754779590305813e+45,14.006
1.756647103107271e+45,14.008
1.7574269263891198e+45,14.01
1.7605104857687626e+45,14.012
1.7615194777431585e+45,14.014
1.7588182089940956e+45,14.016
1.7562426247154118e+45,14.018
1.7514323343833667e+45,14.02
1.742393896202355e+45,14.022
1.7458257912176512e+45,14.024
1.7479339479411005e+45,14.026
1.749074927321479e+45,14.028
1.7447304422296285e+45,14.03
1.741283226446086e+45,14.032
1.736786779664154e+45,14.034
1.733745668768426e+45,14.036
1.730281651816271e+45,14.038
1.726573448686192e+45,14.04
1.722828069969001e+45,14.042
1.716086882120708e+45,14.044
1.7107475756685256e+45,14.046
1.7055079747095223e+45,14.048
1.704731682664951e+45,14.05
1.7042073451425205e+45,14.052
1.6912926134770297e+45,14.054
1.687425319984045e+45,14.056
1.6837687725691378e+45,14.058
1.679846717756393e+45,14.06
1.6731163597473135e+45,14.062
1.6703334719213644e+45,14.064
1.668118636474434e+45,14.066
1.6634522613645595e+45,14.068
1.658731951981391e+45,14.07
1.6533910146592206e+45,14.072
1.647229345404482e+45,14.074
1.6410610799610923e+45,14.076
1.6382965745523314e+45,14.078
1.6361148959236265e+45,14.08
1.635787952087357e+45,14.082
1.640694017116235e+45,14.084
1.6456903536708756e+45,14.086
1.6523848770217015e+45,14.088
1.6537908277996644e+45,14.09
1.6543290716993115e+45,14.092
1.6543915619854535e+45,14.094
1.6572300890682155e+45,14.096
1.659566637048678e+45,14.098
1.6577727624551094e+45,14.1
1.656214030271e+45,14.102
1.654439211405472e+45,14.104
1.654265951622287e+45,14.106
1.6540873931501744e+45,14.108
1.6522015188758872e+45,14.11
1.6508681857271706e+45,14.112
1.6489282921021766e+45,14.114
1.6474130438090563e+45,14.116
1.643927526082036e+45,14.118
1.6455482663249957e+45,14.12
1.6428186020589564e+45,14.122
1.639846561313235e+45,14.124
1.6369223764073878e+45,14.126
1.6338868852554275e+45,14.128
1.629221095761114e+45,14.13
1.6271944832815778e+45,14.132
1.6252742149669354e+45,14.134
1.6201767896410043e+45,14.136
1.6116172548399363e+45,14.138
1.607554264315304e+45,14.14
1.603946858813579e+45,14.142
1.6007404020854988e+45,14.144
1.593450101009585e+45,14.146
1.5837871584531805e+45,14.148
1.5793316086111215e+45,14.15
1.5707602757559115e+45,14.152
1.5622840236528324e+45,14.154
1.5554306221127817e+45,14.156
1.550309453315942e+45,14.158
1.544417610418057e+45,14.16
1.5401268568535777e+45,14.162
1.536863353735505e+45,14.164
1.5286476644903205e+45,14.166
1.520807687076458e+45,14.168
1.512732305402821e+45,14.17
1.5117995816021298e+45,14.172
1.508292795172619e+45,14.174
1.502523875817484e+45,14.176
1.4967848963052287e+45,14.178
1.4911441217654994e+45,14.18
1.4854311838528947e+45,14.182
1.479528532295628e+45,14.184
1.4737187783383773e+45,14.186
1.468081447643532e+45,14.188
1.4658442350017474e+45,14.19
1.4668167521989918e+45,14.192
1.46325480566165e+45,14.194
1.458949201824039e+45,14.196
1.4546824664488906e+45,14.198
1.449866422193527e+45,14.2
1.4449651131375666e+45,14.202
1.4403578257994398e+45,14.204
1.435848126076516e+45,14.206
1.4338780400861053e+45,14.208
1.4277427771783557e+45,14.21
1.4224835205997236e+45,14.212
1.4180982626277224e+45,14.214
1.4138655815976208e+45,14.216
1.4100156836035012e+45,14.218
1.4075947378980737e+45,14.22
1.4053710202038245e+45,14.222
1.403259820197382e+45,14.224
1.3991474289124177e+45,14.226
1.3968021882373531e+45,14.228
1.3930168688653012e+45,14.23
1.3879746847122934e+45,14.232
1.3847953204030391e+45,14.234
1.3817365355599628e+45,14.236
1.3788190980366174e+45,14.238
1.3761393716220136e+45,14.24
1.3737586811040954e+45,14.242
1.3714775964362634e+45,14.244
1.3749970362467217e+45,14.246
1.3772702904718455e+45,14.248
1.3782376938773055e+45,14.25
1.3788521780509986e+45,14.252
1.3729129640706384e+45,14.254
1.3626768908789564e+45,14.256
1.3590156300766493e+45,14.258
1.354254110878847e+45,14.26
1.3477557723791808e+45,14.262
1.3435197763746529e+45,14.264
1.3424935570678957e+45,14.266
1.3463221325425924e+45,14.268
1.34954602259026e+45,14.27
1.3484843320766778e+45,14.272
1.3448187865943026e+45,14.274
1.3380677857232713e+45,14.276
1.328896091658898e+45,14.278
1.3225839320300663e+45,14.28
1.3173996462864031e+45,14.282
1.3128390166140409e+45,14.284
1.3089674040573675e+45,14.286
1.303894788548094e+45,14.288
1.2968643331064513e+45,14.29
1.2958030708291628e+45,14.292
1.29164364904598e+45,14.294
1.2890863441217811e+45,14.296
1.2849064056863288e+45,14.298
1.2765012024346278e+45,14.3
1.2771233546742098e+45,14.302
1.2702106163069505e+45,14.304
1.2642277529265931e+45,14.306
1.262404589783864e+45,14.308
1.2608367630158769e+45,14.31
1.259493065588278e+45,14.312
1.2582688675414376e+45,14.314
1.2571017268001587e+45,14.316
1.2561170169823515e+45,14.318
1.2553802939671156e+45,14.32
1.2545821675347877e+45,14.322
1.2550989199793888e+45,14.324
1.2535739806307391e+45,14.326
1.2533550014867627e+45,14.328
1.253043676817878e+45,14.33
1.2527185910827532e+45,14.332
1.2543072387249743e+45,14.334
1.259235838327993e+45,14.336
1.2600449869179623e+45,14.338
1.260630822562349e+45,14.34
1.255675225905358e+45,14.342
1.2557930007293097e+45,14.344
1.2566143700048758e+45,14.346
1.257534876728457e+45,14.348
1.258601433302866e+45,14.35
1.2598610622626492e+45,14.352
1.263943364058516e+45,14.354
1.2728963763706789e+45,14.356
1.2714478572874151e+45,14.358
1.2697022169116976e+45,14.36
1.2666926409795213e+45,14.362
1.2684098006287108e+45,14.364
1.260995436019302e+45,14.366
1.2599141201472704e+45,14.368
1.2606484001422362e+45,14.37
1.261454889807824e+45,14.372
1.2623788059047994e+45,14.374
1.2634463584017054e+45,14.376
1.26574080148893e+45,14.378
1.2696968951110098e+45,14.38
1.2709441473209477e+45,14.382
1.2709385725738374e+45,14.384
1.2704958997770872e+45,14.386
1.272062321433461e+45,14.388
1.2742615690167374e+45,14.39
1.2761088249957016e+45,14.392
1.2776938363916381e+45,14.394
1.280876945440348e+45,14.396
1.284125957737746e+45,14.398
1.2881699670601555e+45,14.4
1.2903792163958922e+45,14.402
1.2912016793169056e+45,14.404
1.2950693251392166e+45,14.406
1.2987158226412516e+45,14.408
1.2973866501388015e+45,14.41
1.29614256037069e+45,14.412
1.2962930405474945e+45,14.414
1.2946526831039576e+45,14.416
1.2939637163482712e+45,14.418
1.2943956654535254e+45,14.42
1.2947138597904959e+45,14.422
1.291839259990074e+45,14.424
1.2917555454518754e+45,14.426
1.2859359047864328e+45,14.428
1.2830078006530144e+45,14.43
1.2820639233962187e+45,14.432
1.2838332728085253e+45,14.434
1.2872179944906224e+45,14.436
1.3074852632606159e+45,14.438
1.3263249482738511e+45,14.44
1.336889299316019e+45,14.442
1.3410442084759146e+45,14.444
1.3438924789690328e+45,14.446
1.3466527650199997e+45,14.448
1.3498660613787247e+45,14.45
1.3532916328375172e+45,14.452
1.3567387418581353e+45,14.454
1.3583750520500961e+45,14.456
1.3586442534887359e+45,14.458
1.3567583294268636e+45,14.46
1.3570780133425781e+45,14.462
1.355039524386795e+45,14.464
1.3526810827570023e+45,14.466
1.3494849269678642e+45,14.468
1.3392006452281529e+45,14.47
1.3405127240702258e+45,14.472
1.3385611955115572e+45,14.474
1.3457195979649496e+45,14.476
1.352114153101291e+45,14.478
1.3482264685210684e+45,14.48
1.3481425854985415e+45,14.482
1.3487752927525615e+45,14.484
1.3462925730447378e+45,14.486
1.3477941613467202e+45,14.488
1.3473918431269713e+45,14.49
1.3488056164107794e+45,14.492
1.3489316765642762e+45,14.494
1.335197764095514e+45,14.496
1.3399759739971223e+45,14.498
1.3574605806038977e+45,14.5
1.3584286137108647e+45,14.502
1.3559294376908437e+45,14.504
1.350164090412046e+45,14.506
1.3549419766550298e+45,14.508
1.342302383850133e+45,14.51
1.3543414553184843e+45,14.512
1.3751145830665686e+45,14.514
1.3817673027484188e+45,14.516
1.3868456937366119e+45,14.518
1.3709365708362404e+45,14.52
1.3441770503138281e+45,14.522
1.3619646207964042e+45,14.524
1.3706165105318805e+45,14.526
1.3630088654460896e+45,14.528
1.3719819074826297e+45,14.53
1.3717939962342903e+45,14.532
1.3661903984993551e+45,14.534
1.3728579314027648e+45,14.536
1.373934554205773e+45,14.538
1.3616944879467115e+45,14.54
1.3607831613327808e+45,14.542
1.3543014279959718e+45,14.544
1.3561224491248196e+45,14.546
1.3530930504895707e+45,14.548
1.3556465928386083e+45,14.55
1.3703574356125954e+45,14.552
1.3715160691949945e+45,14.554
1.3741881502667143e+45,14.556
1.3821323477528848e+45,14.558
1.3866205590640567e+45,14.56
1.3913315520249366e+45,14.562
1.3978266696659295e+45,14.564
1.3986687436215931e+45,14.566
1.3974824280085523e+45,14.568
1.400015310437419e+45,14.57
1.3940901254593749e+45,14.572
1.3905648855134594e+45,14.574
1.3903175528434051e+45,14.576
1.3884637436276439e+45,14.578
1.3885558185943037e+45,14.58
1.3945408903852996e+45,14.582
1.3967510920690046e+45,14.584
1.3960286605844505e+45,14.586
1.3961656742836814e+45,14.588
1.3997834588868732e+45,14.59
1.4094159436615004e+45,14.592
1.422771239861795e+45,14.594
1.4336002663950217e+45,14.596
1.4416354100973378e+45,14.598
1.4411318186121812e+45,14.6
1.4374404650367585e+45,14.602
1.431114540887755e+45,14.604
1.4250225675782738e+45,14.606
1.4190061460623383e+45,14.608
1.4196165392510131e+45,14.61
1.4147416805592568e+45,14.612
1.4120505034502542e+45,14.614
1.4078262398141695e+45,14.616
1.3900413898639741e+45,14.618
1.3882264180781675e+45,14.62
1.39068774713012e+45,14.622
1.3960355765686162e+45,14.624
1.4021771764626785e+45,14.626
1.4093074098595388e+45,14.628
1.4163843799180051e+45,14.63
1.4208222361031591e+45,14.632
1.4252619275512168e+45,14.634
1.4296421663548756e+45,14.636
1.433519140060305e+45,14.638
1.4363351113386862e+45,14.64
1.439378345143765e+45,14.642
1.443003458095993e+45,14.644
1.4472216948289425e+45,14.646
1.451986706788999e+45,14.648
1.4563587178658087e+45,14.65
1.460468663123621e+45,14.652
1.4657572690118435e+45,14.654
1.4716953933329735e+45,14.656
1.4685794624573335e+45,14.658
1.4615001909632024e+45,14.66
1.4665841152125033e+45,14.662
1.4726240157871934e+45,14.664
1.477281818470451e+45,14.666
1.4843985882594364e+45,14.668
1.484862325460641e+45,14.67
1.487621713696657e+45,14.672
1.4906224607014247e+45,14.674
1.491660033009675e+45,14.676
1.4911937706956293e+45,14.678
1.4896956617637956e+45,14.68
1.493495220489643e+45,14.682
1.5019326524920805e+45,14.684
1.5063520788742664e+45,14.686
1.507848677584444e+45,14.688
1.5107825536243962e+45,14.69
1.5189352344852013e+45,14.692
1.5253076331769506e+45,14.694
1.5235730524116978e+45,14.696
1.5219103082332244e+45,14.698
1.5244873812100573e+45,14.7
1.527740154178362e+45,14.702
1.526587522578093e+45,14.704
1.5214778028223476e+45,14.706
1.524467566702817e+45,14.708
1.5386485936529473e+45,14.71
1.551890442928149e+45,14.712
1.543261502259512e+45,14.714
1.542954110176329e+45,14.716
1.539704184752794e+45,14.718
1.5366745044177057e+45,14.72
1.5387661122356257e+45,14.722
1.5413442069339144e+45,14.724
1.5422612560422646e+45,14.726
1.5390734905964875e+45,14.728
1.540100129825756e+45,14.73
1.5452013532828525e+45,14.732
1.5503192266993414e+45,14.734
1.550584144030114e+45,14.736
1.550730894853451e+45,14.738
1.5537906162638627e+45,14.74
1.558954175376911e+45,14.742
1.5632162091612022e+45,14.744
1.5666597540310306e+45,14.746
1.5705083025207126e+45,14.748
1.572370735763202e+45,14.75
1.571324572117661e+45,14.752
1.5691342705386304e+45,14.754
1.563755586412137e+45,14.756
1.5652879685576355e+45,14.758
1.5552452281650267e+45,14.76
1.5529075116950052e+45,14.762
1.5562554965334642e+45,14.764
1.5627785695316283e+45,14.766
1.5693301028357484e+45,14.768
1.5723072477533115e+45,14.77
1.570327446922108e+45,14.772
1.568762166855534e+45,14.774
1.5675489475740653e+45,14.776
1.5664621329388672e+45,14.778
1.571504534164872e+45,14.78
1.5765921052689885e+45,14.782
1.5785768634029378e+45,14.784
1.5694563523539383e+45,14.786
1.541432842717432e+45,14.788
1.526590694863226e+45,14.79
1.5731806160928425e+45,14.792
1.5822326886556615e+45,14.794
1.5881133624688765e+45,14.796
1.5855575063074467e+45,14.798
1.5829460709741973e+45,14.8
1.5802791108746182e+45,14.802
1.5788624016285958e+45,14.804
1.5821171318902284e+45,14.806
1.5858154282871564e+45,14.808
1.584663638513341e+45,14.81
1.587405831625045e+45,14.812
1.592081639253679e+45,14.814
1.6015170097896375e+45,14.816
1.600058839085192e+45,14.818
1.6001803686677336e+45,14.82
1.6029124674235015e+45,14.822
1.6044242918246104e+45,14.824
1.6006520259824246e+45,14.826
1.600149876939765e+45,14.828
1.5993148970173044e+45,14.83
1.5951258017352826e+45,14.832
1.5921826752151117e+45,14.834
1.5926112927541543e+45,14.836
1.5869146041946757e+45,14.838
1.5767107088564635e+45,14.84
1.587303320518979e+45,14.842
1.598121862003231e+45,14.844
1.610845145025138e+45,14.846
1.6157950331280097e+45,14.848
1.613427721469406e+45,14.85
1.6162824953683045e+45,14.852
1.6159370341037532e+45,14.854
1.6145847272015996e+45,14.856
1.6133867919130876e+45,14.858
1.611855938288061e+45,14.86
1.6114323469737348e+45,14.862
1.617077191374582e+45,14.864
1.6141813364099836e+45,14.866
1.628444188422362e+45,14.868
1.6363930145770978e+45,14.87
1.6426631625121403e+45,14.872
1.5970232173723472e+45,14.874
1.5763407382137445e+45,14.876
1.571674906068657e+45,14.878
1.5833360181098315e+45,14.88
1.598803316798442e+45,14.882
1.6146847670741014e+45,14.884
1.6202783245038805e+45,14.886
1.6224208610359232e+45,14.888
1.624702261079169e+45,14.89
1.626494411775335e+45,14.892
1.6262902417714415e+45,14.894
1.629098796176973e+45,14.896
1.629876658998903e+45,14.898
1.6275469323062244e+45,14.9
1.6244581332185977e+45,14.902
1.6122147788702268e+45,14.904
1.5980489544515345e+45,14.906
1.603884544763396e+45,14.908
1.6057330080104845e+45,14.91
1.6101238924507304e+45,14.912
1.6143437687162358e+45,14.914
1.6185752000708874e+45,14.916
1.622284572890293e+45,14.918
1.6248689400210805e+45,14.92
1.6274435744647667e+45,14.922
1.6297246189644575e+45,14.924
1.626270155863742e+45,14.926
1.632186908704007e+45,14.928
1.6342848742560766e+45,14.93
1.6355258115243463e+45,14.932
1.6396437469359308e+45,14.934
1.643765406248197e+45,14.936
1.6478907266472113e+45,14.938
1.6503141044891936e+45,14.94
1.6525125170128604e+45,14.942
1.65200523494558e+45,14.944
1.6590571134829692e+45,14.946
1.6645673319219184e+45,14.948
1.6700291770970398e+45,14.95
1.676498410875254e+45,14.952
1.6806343452651453e+45,14.954
1.686041723412595e+45,14.956
1.6923340322272413e+45,14.958
1.69958269216986e+45,14.96
1.7028066737278686e+45,14.962
1.701039125884423e+45,14.964
1.7056732924369995e+45,14.966
1.7111004724709923e+45,14.968
1.715438124158769e+45,14.97
1.7173152733194948e+45,14.972
1.7131327614684828e+45,14.974
1.716062282909273e+45,14.976
1.7180505831755644e+45,14.978
1.7175089681567842e+45,14.98
1.7156215043749793e+45,14.982
1.7141567433731212e+45,14.984
1.7123902027389373e+45,14.986
1.7107754242035083e+45,14.988
1.714472564754224e+45,14.99
1.7132217610630283e+45,14.992
1.7071390240887278e+45,14.994
1.7009643413268557e+45,14.996
1.6971265042116246e+45,14.998
1.693349590818296e+45,15.0
1.6895026826845925e+45,15.002
1.68558521494804e+45,15.004
1.6818781000951138e+45,15.006
1.6794078900476232e+45,15.008
1.683287241353561e+45,15.01
1.687028780412826e+45,15.012
1.6780792526672813e+45,15.014
1.6777821164827516e+45,15.016
1.6774464996950464e+45,15.018
1.675561415967282e+45,15.02
1.6685368874649884e+45,15.022
1.661514286062358e+45,15.024
1.6557528071412394e+45,15.026
1.6495372695518804e+45,15.028
1.6429107205915697e+45,15.03
1.6396177521487652e+45,15.032
1.6346310870405807e+45,15.034
1.626699638783714e+45,15.036
1.6282646015140297e+45,15.038
1.63076000038547e+45,15.04
1.6299322974808585e+45,15.042
1.6276891094666743e+45,15.044
1.62539128169251e+45,15.046
1.6143142090665924e+45,15.048
1.6020737077933046e+45,15.05
1.5911761337340415e+45,15.052
1.585931199539486e+45,15.054
1.5820553744848207e+45,15.056
1.5762596033328785e+45,15.058
1.5703327894852096e+45,15.06
1.565092473701e+45,15.062
1.560568849195235e+45,15.064
1.5559784303861324e+45,15.066
1.5500690964171113e+45,15.068
1.5409378594897253e+45,15.07
1.533301239776319e+45,15.072
1.5277131045588314e+45,15.074
1.5208691469753023e+45,15.076
1.5060245711498452e+45,15.078
1.4970626873662252e+45,15.08
1.501138741897134e+45,15.082
1.499173275961512e+45,15.084
1.4959036749771782e+45,15.086
1.4882691268940596e+45,15.088
1.4836373419956848e+45,15.09
1.4790667449986405e+45,15.092
1.4722007521383396e+45,15.094
1.4646963401351092e+45,15.096
1.457255499680528e+45,15.098
1.4457027390048384e+45,15.1
1.4362849957325716e+45,15.102
1.4312385801481433e+45,15.104
1.4286844944479466e+45,15.106
1.4262842805873438e+45,15.108
1.4266710860234455e+45,15.11
1.428353229908003e+45,15.112
1.432746972840584e+45,15.114
1.4336039257159475e+45,15.116
1.4321003661995265e+45,15.118
1.4253642092344127e+45,15.12
1.4191688816107423e+45,15.122
1.413719333794621e+45,15.124
1.4124800934865602e+45,15.126
1.4091881435956002e+45,15.128
1.4035604079812646e+45,15.13
1.3980245410028983e+45,15.132
1.3930629866597599e+45,15.134
1.3923079532589178e+45,15.136
1.384931239626691e+45,15.138
1.3774573585405518e+45,15.14
1.372827841353494e+45,15.142
1.3688757168759932e+45,15.144
1.3648579393095676e+45,15.146
1.3607021004011984e+45,15.148
1.3563008691770094e+45,15.15
1.3518300980608344e+45,15.152
1.3517350257938644e+45,15.154
1.3502319287136235e+45,15.156
1.3493295552527914e+45,15.158
1.3433168417161283e+45,15.16
1.336554430837429e+45,15.162
1.3292141382915005e+45,15.164
1.3342225287306148e+45,15.166
1.3397428288259659e+45,15.168
1.3474498404182923e+45,15.17
1.3467376847259836e+45,15.172
1.3449548294144761e+45,15.174
1.3388524477203678e+45,15.176
1.3370110170744092e+45,15.178
1.3406282988790838e+45,15.18
1.3419618993777396e+45,15.182
1.3394646782758635e+45,15.184
1.336461870808926e+45,15.186
1.3321851069294084e+45,15.188
1.3247007272040887e+45,15.19
1.3236930926274901e+45,15.192
1.3214945439596742e+45,15.194
1.3199634728823025e+45,15.196
1.3173332718529109e+45,15.198
1.3173505216295904e+45,15.2
1.3104394522988038e+45,15.202
1.307446406401146e+45,15.204
1.2996393344134412e+45,15.206
1.2867690642208446e+45,15.208
1.2781885346264414e+45,15.21
1.2738305905969014e+45,15.212
1.271925672405016e+45,15.214
1.2669801409181333e+45,15.216
1.2698407354781328e+45,15.218
1.2684122192780815e+45,15.22
1.2668821625935286e+45,15.222
1.2653110312420668e+45,15.224
1.2631397242799079e+45,15.226
1.2601095591470817e+45,15.228
1.2570245841047801e+45,15.23
1.2578221393693527e+45,15.232
1.254533549776485e+45,15.234
1.2500291664318541e+45,15.236
1.245456541984654e+45,15.238
1.2408151426787432e+45,15.24
1.2377093616135542e+45,15.242
1.2345744306243177e+45,15.244
1.234502935843295e+45,15.246
1.2347306231315044e+45,15.248
1.2308680353548263e+45,15.25
1.2259279312030911e+45,15.252
1.2126000273667876e+45,15.254
1.2092034347140031e+45,15.256
1.2039272292377708e+45,15.258
1.1964165815135592e+45,15.26
1.1939131713339595e+45,15.262
1.1879188604990607e+45,15.264
1.177823644231661e+45,15.266
1.1702820602295077e+45,15.268
1.1663526991167052e+45,15.27
1.1625169408892145e+45,15.272
1.1586210025387848e+45,15.274
1.1546644105142058e+45,15.276
1.1496892223101459e+45,15.278
1.1433591048169818e+45,15.28
1.1385523839397409e+45,15.282
1.1299186978082828e+45,15.284
1.1200847502200715e+45,15.286
1.1260402152592927e+45,15.288
1.123281250467592e+45,15.29
1.1204729075259242e+45,15.292
1.1174132434541955e+45,15.294
1.1136024038288521e+45,15.296
1.1121118721059792e+45,15.298
1.1124501511303254e+45,15.3
1.1116308498127803e+45,15.302
1.1073811305325125e+45,15.304
1.1030685724796868e+45,15.306
1.098692686368497e+45,15.308
1.09760173347639e+45,15.31
1.0959917607998832e+45,15.312
1.0873306576508743e+45,15.314
1.0787242746088282e+45,15.316
1.0730170467710899e+45,15.318
1.0672203028270318e+45,15.32
1.057441233805578e+45,15.322
1.050858643422891e+45,15.324
1.0439167181435783e+45,15.326
1.0226994233631623e+45,15.328
1.0101917454214699e+45,15.33
1.002622369605022e+45,15.332
9.963268445165013e+44,15.334
9.867273177873468e+44,15.336
9.896469313215293e+44,15.338
9.882080012273512e+44,15.34
9.8987502942685e+44,15.342
9.826076574475647e+44,15.344
9.769557560801359e+44,15.346
9.724166216417095e+44,15.348
9.658809142235964e+44,15.35
9.592598646377556e+44,15.352
9.482454023818744e+44,15.354
9.410990176025576e+44,15.356
9.35406739764287e+44,15.358
9.247016965769178e+44,15.36
9.167875406335612e+44,15.362
9.127325139161071e+44,15.364
9.086206159329548e+44,15.366
9.064323186750158e+44,15.368
9.015376012904975e+44,15.37
8.952198486762441e+44,15.372
8.88786008852729e+44,15.374
8.822737882733897e+44,15.376
8.732356313274846e+44,15.378
8.640953281014905e+44,15.38
8.49843886392526e+44,15.382
8.33512155650064e+44,15.384
8.197016018290081e+44,15.386
7.930913703389959e+44,15.388
7.725729635417387e+44,15.39
7.587189976022194e+44,15.392
7.515518768737147e+44,15.394
7.356566790633652e+44,15.396
7.146972921605862e+44,15.398
6.9130171943050384e+44,15.4
6.7396155548209895e+44,15.402
6.6165893635393674e+44,15.404
6.54020811238738e+44,15.406
6.463051554768413e+44,15.408
6.398159641378053e+44,15.41
6.332601175464536e+44,15.412
6.269991360256647e+44,15.414
6.193383766693666e+44,15.416
6.1188305336300565e+44,15.418
6.043526154467918e+44,15.42
5.967464998860504e+44,15.422
5.890641401659618e+44,15.424
5.806035585300919e+44,15.426
5.730295939207958e+44,15.428
5.659576981281822e+44,15.43
5.595849293184824e+44,15.432
5.487191770859515e+44,15.434
5.398118903003058e+44,15.436
5.357992256941061e+44,15.438
5.313510324435342e+44,15.44
5.239076314309114e+44,15.442
5.162289766910417e+44,15.444
5.0810566974707065e+44,15.446
4.991122529913245e+44,15.448
4.8988526316672544e+44,15.45
4.800700111252218e+44,15.452
4.694547591636813e+44,15.454
4.606121802838132e+44,15.456
4.5429621441002444e+44,15.458
4.475388052182013e+44,15.46
4.399217404965036e+44,15.462
4.328032853176773e+44,15.464
4.2560975202625515e+44,15.466
4.183405989294691e+44,15.468
4.109952809420887e+44,15.47
4.035732495662384e+44,15.472
3.967674690761871e+44,15.474
3.887355487038898e+44,15.476
3.800565634363664e+44,15.478
3.712891827551358e+44,15.48
3.624327753285607e+44,15.482
3.534867058864924e+44,15.484
3.444503351971235e+44,15.486
3.3558076548423816e+44,15.488
3.3169318183271187e+44,15.49
3.2746993746706124e+44,15.492
3.2320361492540437e+44,15.494
3.188938923728133e+44,15.496
3.14921135021738e+44,15.498
3.1014294995764597e+44,15.5
3.059007584500842e+44,15.502
3.0064481269165674e+44,15.504
2.936642460120892e+44,15.506
2.870616603159161e+44,15.508
2.818492636563396e+44,15.51
2.7229543950338383e+44,15.512
2.6502844028754358e+44,15.514
2.5886975300551354e+44,15.516
2.55414841027824e+44,15.518
2.5192251943714275e+44,15.52
2.4883808344973464e+44,15.522
2.457198059426621e+44,15.524
2.4256744021995544e+44,15.526
2.392542612674782e+44,15.528
2.35423989080982e+44,15.53
2.3155322930479238e+44,15.532
2.2735353421992103e+44,15.534
2.2263687136818776e+44,15.536
2.1930686774006554e+44,15.538
2.159418485578465e+44,15.54
2.125415624186462e+44,15.542
2.091057563480972e+44,15.544
2.0609049312607427e+44,15.546
2.031422015863751e+44,15.548
2.0016262548808875e+44,15.55
1.9715153946202e+44,15.552
1.9449640235749653e+44,15.554
1.9181287929177748e+44,15.556
1.89100765411649e+44,15.558
1.864606733913554e+44,15.56
1.8358990010801955e+44,15.562
1.816674918419903e+44,15.564
1.7950866364673836e+44,15.566
1.7706941104232145e+44,15.568
1.751016311325797e+44,15.57
1.7311236714438565e+44,15.572
1.7110146354588449e+44,15.574
1.6845692492944277e+44,15.576
1.6496996794930134e+44,15.578
1.614470712866052e+44,15.58
1.5850054522001915e+44,15.582
1.5602732670196532e+44,15.584
1.5459075799207255e+44,15.586
1.5356560541766074e+44,15.588
1.5252841639275845e+44,15.59
1.5147910303912272e+44,15.592
1.5045650681618496e+44,15.594
1.4832221643218675e+44,15.596
1.4609782241898985e+44,15.598
1.4384990229195363e+44,15.6
1.4170290556285678e+44,15.602
1.395331931138712e+44,15.604
1.3734060129134705e+44,15.606
1.3512496541551807e+44,15.608
1.3288611977437257e+44,15.61
1.3076486118899426e+44,15.612
1.291843794954258e+44,15.614
1.2774783253872351e+44,15.616
1.2718238859678343e+44,15.618
1.2590010601435357e+44,15.62
1.2454108014577596e+44,15.622
1.2333771701344309e+44,15.624
1.2253050029587476e+44,15.626
1.2171384087658938e+44,15.628
1.2076971907229458e+44,15.63
1.2005387951159604e+44,15.632
1.194460921632386e+44,15.634
1.1883077806450056e+44,15.636
1.1851574812513073e+44,15.638
1.181886792368045e+44,15.64
1.1765457051011796e+44,15.642
1.171065669471723e+44,15.644
1.1654924000525484e+44,15.646
1.1597974988837942e+44,15.648
1.1490371732469772e+44,15.65
1.1354678893677283e+44,15.652
1.1283687161750312e+44,15.654
1.1241594006176297e+44,15.656
1.119217543406408e+44,15.658
1.112667753584432e+44,15.66
1.1076789040352505e+44,15.662
1.1045261306862317e+44,15.664
1.1025535484453746e+44,15.666
1.1005546738799229e+44,15.668
1.0944591248023131e+44,15.67
1.086972972059596e+44,15.672
1.0809759775449177e+44,15.674
1.0749132999212533e+44,15.676
1.0687844690557616e+44,15.678
1.0659924093021055e+44,15.68
1.0642246590379341e+44,15.682
1.059257071930667e+44,15.684
1.0570719828088862e+44,15.686
1.05727841143573e+44,15.688
1.0551116465713927e+44,15.69
1.0448485199538713e+44,15.692
1.0432698927151993e+44,15.694
1.0424276287144624e+44,15.696
1.0421198192240442e+44,15.698
1.0402301665179805e+44,15.7
1.0392317260898969e+44,15.702
1.0363449286921484e+44,15.704
1.0272913933442022e+44,15.706
1.0269104723251509e+44,15.708
1.0270893592785997e+44,15.71
1.0276119469046117e+44,15.712
1.0255187279290263e+44,15.714
1.0237801873711667e+44,15.716
1.0228485393211715e+44,15.718
1.0217337409689415e+44,15.72
1.020113677673316e+44,15.722
1.0184717760999475e+44,15.724
1.0157758315887121e+44,15.726
1.0137057981035639e+44,15.728
1.0127352859322722e+44,15.73
1.0126129867408722e+44,15.732
1.0123424757616112e+44,15.734
1.01218079536677e+44,15.736
1.0122016903398882e+44,15.738
1.0120496073248582e+44,15.74
1.0101366083519028e+44,15.742
1.0102753326203845e+44,15.744
1.0108470525837084e+44,15.746
1.0109722840937371e+44,15.748
1.0079375408803335e+44,15.75
1.007937058712372e+44,15.752
1.0041198542790162e+44,15.754
1.0047729889447282e+44,15.756
1.002574237748212e+44,15.758
1.0018474070305955e+44,15.76
1.0023885976106085e+44,15.762
1.002929073610512e+44,15.764
1.0034688272220547e+44,15.766
1.002372693609363e+44,15.768
1.0025306214856053e+44,15.77
1.00189644656504e+44,15.772
1.0019411521904333e+44,15.774
9.966308457135185e+43,15.776
9.951014596814313e+43,15.778
9.94122514261894e+43,15.78
9.940014386664969e+43,15.782
9.906443194214368e+43,15.784
9.900491000427265e+43,15.786
9.900338028347927e+43,15.788
9.886154538993004e+43,15.79
9.849312193576384e+43,15.792
9.836769826103724e+43,15.794
9.84321958703338e+43,15.796
9.808022841939648e+43,15.798
9.791678894705182e+43,15.8
9.796684903653414e+43,15.802
9.795885606608303e+43,15.804
9.769719292224224e+43,15.806
9.743245040343348e+43,15.808
9.724787895680419e+43,15.81
9.712347848974058e+43,15.812
9.691319654469031e+43,15.814
9.670456418201246e+43,15.816
9.652196155353042e+43,15.818
9.647970280825756e+43,15.82
9.653816375929627e+43,15.822
9.641377281093149e+43,15.824
9.644172926839326e+43,15.826
9.64694171736047e+43,15.828
9.623712744284208e+43,15.83
9.629637032389255e+43,15.832
9.635564929327403e+43,15.834
9.641496437035005e+43,15.836
9.64743155744782e+43,15.838
9.65337029250103e+43,15.84
9.647740285153282e+43,15.842
9.632128512826282e+43,15.844
9.637914370251885e+43,15.846
9.643702494566954e+43,15.848
9.615239609518082e+43,15.85
9.621032494184353e+43,15.852
9.62688546088033e+43,15.854
9.63274073611651e+43,15.856
9.638598311906215e+43,15.858
9.605584424055104e+43,15.86
9.604379517005653e+43,15.862
9.579541248045816e+43,15.864
9.58477385712982e+43,15.866
9.521625861162066e+43,15.868
9.507662314819034e+43,15.87
9.496824372182978e+43,15.872
9.502250597998543e+43,15.874
9.501944593834112e+43,15.876
9.499963339744984e+43,15.878
9.437358030824998e+43,15.88
9.4129435299797e+43,15.882
9.400906234622687e+43,15.884
9.406262889092408e+43,15.886
9.411618295052237e+43,15.888
9.416973909359364e+43,15.89
9.408783661801563e+43,15.892
9.413137043866432e+43,15.894
9.405586524169151e+43,15.896
9.371333183001103e+43,15.898
9.341087899859347e+43,15.9
9.340347295007981e+43,15.902
9.31649165622458e+43,15.904
9.32224718956134e+43,15.906
9.328005894108927e+43,15.908
9.333767768931739e+43,15.91
9.33953281307573e+43,15.912
9.319765545109874e+43,15.914
9.324961619880002e+43,15.916
9.330155702016242e+43,15.918
9.335347754442056e+43,15.92
9.310521783839148e+43,15.922
9.27898181456769e+43,15.924
9.252528402925746e+43,15.926
9.251727114216776e+43,15.928
9.2508656036474e+43,15.93
9.23959520993333e+43,15.932
9.245341401143631e+43,15.934
9.247915240795847e+43,15.936
9.247974015824397e+43,15.938
9.247981058970073e+43,15.94
9.252337543229796e+43,15.942
9.258149986509483e+43,15.944
9.256244258545358e+43,15.946
9.257378176277698e+43,15.948
9.250778531770574e+43,15.95
9.254076607092962e+43,15.952
9.259125763959457e+43,15.954
9.264170649415437e+43,15.956
9.26921120790384e+43,15.958
9.274247383503006e+43,15.96
9.27927911992455e+43,15.962
9.284306360510837e+43,15.964
9.288065532464988e+43,15.966
9.29159746848242e+43,15.968
9.288839503558778e+43,15.97
9.27845388576205e+43,15.972
9.247026841908953e+43,15.974
9.252766882682186e+43,15.976
9.25851040073588e+43,15.978
9.264257397591423e+43,15.98
9.270007874767217e+43,15.982
9.265570384076712e+43,15.984
9.252732177416655e+43,15.986
9.224656927264976e+43,15.988
9.2297491799904e+43,15.99
9.234845497160802e+43,15.992
9.239937494445663e+43,15.994
9.245025115854306e+43,15.996
9.238444563982618e+43,15.998
9.240716541308828e+43,16.0
1.948924150000479e+41,16.002
1.911844622099614e+41,16.004
1.8442296862165194e+41,16.006
1.7536542036286735e+41,16.008
1.726057658826078e+41,16.01
1.6302835007728969e+41,16.012
1.5485767188385855e+41,16.014
1.4519566984676747e+41,16.016
1.3905759856918997e+41,16.018
1.3326220194606207e+41,16.02
1.3212489090293291e+41,16.022
1.3097424146079622e+41,16.024
1.2937212104195153e+41,16.026
1.254178022015354e+41,16.028
1.2232386462778823e+41,16.03
1.183905949640944e+41,16.032
1.138638002463299e+41,16.034
1.1233359556030542e+41,16.036
1.1078683873899217e+41,16.038
1.08609367810209e+41,16.04
1.0420252998261819e+41,16.042
9.908652519325156e+40,16.044
9.295136282594573e+40,16.046
8.706239082479548e+40,16.048
8.434808366064724e+40,16.05
8.193016573174378e+40,16.052
7.948812951892554e+40,16.054
7.715783022656246e+40,16.056
7.443273284868658e+40,16.058
7.023514706646505e+40,16.06
6.679754759067802e+40,16.062
6.447151807467126e+40,16.064
6.297867121569622e+40,16.066
6.147066942256038e+40,16.068
5.949610775508286e+40,16.07
5.800233286907524e+40,16.072
5.537630478891829e+40,16.074
5.41782617046798e+40,16.076
5.36995292850558e+40,16.078
5.209830405571368e+40,16.08
5.109759377737019e+40,16.082
5.008653538081009e+40,16.084
4.917709864355751e+40,16.086
4.756440311241897e+40,16.088
4.593577210891765e+40,16.09
4.387517463348051e+40,16.092
4.2124097691838474e+40,16.094
4.03559207589425e+40,16.096
3.892880225706994e+40,16.098
3.748764939236911e+40,16.1
3.582406548877077e+40,16.102
3.40810588559515e+40,16.104
3.2321198266650364e+40,16.106
3.0544365267872943e+40,16.108
2.704953910243878e+40,16.11
2.539762993732833e+40,16.112
2.3731387144010694e+40,16.114
2.2470996584889285e+40,16.116
2.1708943588298549e+40,16.118
2.0939376881816496e+40,16.12
2.016224333796019e+40,16.122
1.937748949887971e+40,16.124
1.8585061574439947e+40,16.126
1.7784905440292262e+40,16.128
1.7247372354464543e+40,16.13
1.6745936351652093e+40,16.132
1.602500245259899e+40,16.134
1.5732586630004563e+40,16.136
1.5588430273216878e+40,16.138
1.5442607934471306e+40,16.14
1.5295107305447317e+40,16.142
1.48391855177277e+40,16.144
1.4491388541746884e+40,16.146
1.4311080834345898e+40,16.148
1.4178442490236121e+40,16.15
1.4044274779550345e+40,16.152
1.390856640974672e+40,16.154
1.3771306016619312e+40,16.156
1.3546749742371191e+40,16.158
1.3287935071906265e+40,16.16
1.3168551843145507e+40,16.162
1.3060057545748401e+40,16.164
1.2964015545726986e+40,16.166
1.2882583174143166e+40,16.168
1.2800122847970041e+40,16.17
1.2716626812520994e+40,16.172
1.2632087263422548e+40,16.174
1.2531733569480021e+40,16.176
1.2418247798913572e+40,16.178
1.2303447380215296e+40,16.18
1.2187322594978316e+40,16.182
1.2069863663088863e+40,16.184
1.1951060742363554e+40,16.186
1.1830903928184792e+40,16.188
1.172165972192712e+40,16.19
1.162396513390114e+40,16.192
1.153283090455775e+40,16.194
1.145712598938317e+40,16.196
1.1380476485227342e+40,16.198
